Semana,Día,Hora,Clase,Enfoque,Bloque,Ejercicio,Series,Reps,Carga,Notas
1,Lunes,8:00am,1,Arranque,Calentamiento y activación,,,,,
1,Lunes,8:00am,1,Arranque,Calentamiento y activación,,,,,
1,Lunes,8:00am,1,Arranque,Calentamiento y activación,,,,,
1,Lunes,8:00am,1,Arranque,Técnica,,,,,
1,Lunes,8:00am,1,Arranque,Técnica,,,,,
1,Lunes,8:00am,1,Arranque,Técnica,,,,,
1,Lunes,8:00am,1,Arranque,Fuerza,,,,,
1,Lunes,8:00am,1,Arranque,Fuerza,,,,,
1,Lunes,8:00am,1,Arranque,Físico,,,,,
1,Lunes,8:00am,1,Arranque,Físico,,,,,
1,Lunes,8:00am,1,Arranque,Físico,,,,,
1,Lunes,9:00am,2,Arranque,Calentamiento y activación,,,,,
1,Lunes,9:00am,2,Arranque,Calentamiento y activación,,,,,
1,Lunes,9:00am,2,Arranque,Calentamiento y activación,,,,,
1,Lunes,9:00am,2,Arranque,Técnica,,,,,
1,Lunes,9:00am,2,Arranque,Técnica,,,,,
1,Lunes,9:00am,2,Arranque,Técnica,,,,,
1,Lunes,9:00am,2,Arranque,Fuerza,,,,,
1,Lunes,9:00am,2,Arranque,Fuerza,,,,,
1,Lunes,9:00am,2,Arranque,Físico,,,,,
1,Lunes,9:00am,2,Arranque,Físico,,,,,
1,Lunes,9:00am,2,Arranque,Físico,,,,,
1,Martes,6:00pm,1,Técnica (general),Calentamiento y activación,,,,,
1,Martes,6:00pm,1,Técnica (general),Calentamiento y activación,,,,,
1,Martes,6:00pm,1,Técnica (general),Calentamiento y activación,,,,,
1,Martes,6:00pm,1,Técnica (general),Técnica,,,,,
1,Martes,6:00pm,1,Técnica (general),Técnica,,,,,
1,Martes,6:00pm,1,Técnica (general),Técnica,,,,,
1,Martes,6:00pm,1,Técnica (general),Fuerza,,,,,
1,Martes,6:00pm,1,Técnica (general),Fuerza,,,,,
1,Martes,6:00pm,1,Técnica (general),Físico,,,,,
1,Martes,6:00pm,1,Técnica (general),Físico,,,,,
1,Martes,6:00pm,1,Técnica (general),Físico,,,,,
1,Martes,7:00pm,2,Arranque,Calentamiento y activación,,,,,
1,Martes,7:00pm,2,Arranque,Calentamiento y activación,,,,,
1,Martes,7:00pm,2,Arranque,Calentamiento y activación,,,,,
1,Martes,7:00pm,2,Arranque,Técnica,,,,,
1,Martes,7:00pm,2,Arranque,Técnica,,,,,
1,Martes,7:00pm,2,Arranque,Técnica,,,,,
1,Martes,7:00pm,2,Arranque,Fuerza,,,,,
1,Martes,7:00pm,2,Arranque,Fuerza,,,,,
1,Martes,7:00pm,2,Arranque,Físico,,,,,
1,Martes,7:00pm,2,Arranque,Físico,,,,,
1,Martes,7:00pm,2,Arranque,Físico,,,,,
1,Martes,8:00pm,3,Envión,Calentamiento y activación,,,,,
1,Martes,8:00pm,3,Envión,Calentamiento y activación,,,,,
1,Martes,8:00pm,3,Envión,Calentamiento y activación,,,,,
1,Martes,8:00pm,3,Envión,Técnica,,,,,
1,Martes,8:00pm,3,Envión,Técnica,,,,,
1,Martes,8:00pm,3,Envión,Técnica,,,,,
1,Martes,8:00pm,3,Envión,Fuerza,,,,,
1,Martes,8:00pm,3,Envión,Fuerza,,,,,
1,Martes,8:00pm,3,Envión,Físico,,,,,
1,Martes,8:00pm,3,Envión,Físico,,,,,
1,Martes,8:00pm,3,Envión,Físico,,,,,
1,Miércoles,8:00am,1,Envión,Calentamiento y activación,,,,,
1,Miércoles,8:00am,1,Envión,Calentamiento y activación,,,,,
1,Miércoles,8:00am,1,Envión,Calentamiento y activación,,,,,
1,Miércoles,8:00am,1,Envión,Técnica,,,,,
1,Miércoles,8:00am,1,Envión,Técnica,,,,,
1,Miércoles,8:00am,1,Envión,Técnica,,,,,
1,Miércoles,8:00am,1,Envión,Fuerza,,,,,
1,Miércoles,8:00am,1,Envión,Fuerza,,,,,
1,Miércoles,8:00am,1,Envión,Físico,,,,,
1,Miércoles,8:00am,1,Envión,Físico,,,,,
1,Miércoles,8:00am,1,Envión,Físico,,,,,
1,Miércoles,9:00am,2,Envión,Calentamiento y activación,,,,,
1,Miércoles,9:00am,2,Envión,Calentamiento y activación,,,,,
1,Miércoles,9:00am,2,Envión,Calentamiento y activación,,,,,
1,Miércoles,9:00am,2,Envión,Técnica,,,,,
1,Miércoles,9:00am,2,Envión,Técnica,,,,,
1,Miércoles,9:00am,2,Envión,Técnica,,,,,
1,Miércoles,9:00am,2,Envión,Fuerza,,,,,
1,Miércoles,9:00am,2,Envión,Fuerza,,,,,
1,Miércoles,9:00am,2,Envión,Físico,,,,,
1,Miércoles,9:00am,2,Envión,Físico,,,,,
1,Miércoles,9:00am,2,Envión,Físico,,,,,
1,Jueves,5:00pm,1,Técnica – Arranque/Snatch,Calentamiento y activación,,,,,
1,Jueves,5:00pm,1,Técnica – Arranque/Snatch,Calentamiento y activación,,,,,
1,Jueves,5:00pm,1,Técnica – Arranque/Snatch,Calentamiento y activación,,,,,
1,Jueves,5:00pm,1,Técnica – Arranque/Snatch,Técnica,,,,,
1,Jueves,5:00pm,1,Técnica – Arranque/Snatch,Técnica,,,,,
1,Jueves,5:00pm,1,Técnica – Arranque/Snatch,Técnica,,,,,
1,Jueves,5:00pm,1,Técnica – Arranque/Snatch,Fuerza,,,,,
1,Jueves,5:00pm,1,Técnica – Arranque/Snatch,Fuerza,,,,,
1,Jueves,5:00pm,1,Técnica – Arranque/Snatch,Físico,,,,,
1,Jueves,5:00pm,1,Técnica – Arranque/Snatch,Físico,,,,,
1,Jueves,5:00pm,1,Técnica – Arranque/Snatch,Físico,,,,,
1,Jueves,6:00pm,2,Técnica – Envión,Calentamiento y activación,,,,,
1,Jueves,6:00pm,2,Técnica – Envión,Calentamiento y activación,,,,,
1,Jueves,6:00pm,2,Técnica – Envión,Calentamiento y activación,,,,,
1,Jueves,6:00pm,2,Técnica – Envión,Técnica,,,,,
1,Jueves,6:00pm,2,Técnica – Envión,Técnica,,,,,
1,Jueves,6:00pm,2,Técnica – Envión,Técnica,,,,,
1,Jueves,6:00pm,2,Técnica – Envión,Fuerza,,,,,
1,Jueves,6:00pm,2,Técnica – Envión,Fuerza,,,,,
1,Jueves,6:00pm,2,Técnica – Envión,Físico,,,,,
1,Jueves,6:00pm,2,Técnica – Envión,Físico,,,,,
1,Jueves,6:00pm,2,Técnica – Envión,Físico,,,,,
1,Viernes,8:00am,1,Arranque,Calentamiento y activación,,,,,
1,Viernes,8:00am,1,Arranque,Calentamiento y activación,,,,,
1,Viernes,8:00am,1,Arranque,Calentamiento y activación,,,,,
1,Viernes,8:00am,1,Arranque,Técnica,,,,,
1,Viernes,8:00am,1,Arranque,Técnica,,,,,
1,Viernes,8:00am,1,Arranque,Técnica,,,,,
1,Viernes,8:00am,1,Arranque,Fuerza,,,,,
1,Viernes,8:00am,1,Arranque,Fuerza,,,,,
1,Viernes,8:00am,1,Arranque,Físico,,,,,
1,Viernes,8:00am,1,Arranque,Físico,,,,,
1,Viernes,8:00am,1,Arranque,Físico,,,,,
1,Viernes,9:00am,2,Arranque,Calentamiento y activación,,,,,
1,Viernes,9:00am,2,Arranque,Calentamiento y activación,,,,,
1,Viernes,9:00am,2,Arranque,Calentamiento y activación,,,,,
1,Viernes,9:00am,2,Arranque,Técnica,,,,,
1,Viernes,9:00am,2,Arranque,Técnica,,,,,
1,Viernes,9:00am,2,Arranque,Técnica,,,,,
1,Viernes,9:00am,2,Arranque,Fuerza,,,,,
1,Viernes,9:00am,2,Arranque,Fuerza,,,,,
1,Viernes,9:00am,2,Arranque,Físico,,,,,
1,Viernes,9:00am,2,Arranque,Físico,,,,,
1,Viernes,9:00am,2,Arranque,Físico,,,,,
1,Sábado,10:00am,1,Arranque y Envión (según tiempo),Calentamiento y activación,,,,,
1,Sábado,10:00am,1,Arranque y Envión (según tiempo),Calentamiento y activación,,,,,
1,Sábado,10:00am,1,Arranque y Envión (según tiempo),Calentamiento y activación,,,,,
1,Sábado,10:00am,1,Arranque y Envión (según tiempo),Técnica,,,,,
1,Sábado,10:00am,1,Arranque y Envión (según tiempo),Técnica,,,,,
1,Sábado,10:00am,1,Arranque y Envión (según tiempo),Técnica,,,,,
1,Sábado,10:00am,1,Arranque y Envión (según tiempo),Fuerza,,,,,
1,Sábado,10:00am,1,Arranque y Envión (según tiempo),Fuerza,,,,,
1,Sábado,10:00am,1,Arranque y Envión (según tiempo),Físico,,,,,
1,Sábado,10:00am,1,Arranque y Envión (según tiempo),Físico,,,,,
1,Sábado,10:00am,1,Arranque y Envión (según tiempo),Físico,,,,,
2,Lunes,8:00am,1,Arranque,Calentamiento y activación,,,,,
2,Lunes,8:00am,1,Arranque,Calentamiento y activación,,,,,
2,Lunes,8:00am,1,Arranque,Calentamiento y activación,,,,,
2,Lunes,8:00am,1,Arranque,Técnica,,,,,
2,Lunes,8:00am,1,Arranque,Técnica,,,,,
2,Lunes,8:00am,1,Arranque,Técnica,,,,,
2,Lunes,8:00am,1,Arranque,Fuerza,,,,,
2,Lunes,8:00am,1,Arranque,Fuerza,,,,,
2,Lunes,8:00am,1,Arranque,Físico,,,,,
2,Lunes,8:00am,1,Arranque,Físico,,,,,
2,Lunes,8:00am,1,Arranque,Físico,,,,,
2,Lunes,9:00am,2,Arranque,Calentamiento y activación,,,,,
2,Lunes,9:00am,2,Arranque,Calentamiento y activación,,,,,
2,Lunes,9:00am,2,Arranque,Calentamiento y activación,,,,,
2,Lunes,9:00am,2,Arranque,Técnica,,,,,
2,Lunes,9:00am,2,Arranque,Técnica,,,,,
2,Lunes,9:00am,2,Arranque,Técnica,,,,,
2,Lunes,9:00am,2,Arranque,Fuerza,,,,,
2,Lunes,9:00am,2,Arranque,Fuerza,,,,,
2,Lunes,9:00am,2,Arranque,Físico,,,,,
2,Lunes,9:00am,2,Arranque,Físico,,,,,
2,Lunes,9:00am,2,Arranque,Físico,,,,,
2,Martes,6:00pm,1,Técnica (general),Calentamiento y activación,,,,,
2,Martes,6:00pm,1,Técnica (general),Calentamiento y activación,,,,,
2,Martes,6:00pm,1,Técnica (general),Calentamiento y activación,,,,,
2,Martes,6:00pm,1,Técnica (general),Técnica,,,,,
2,Martes,6:00pm,1,Técnica (general),Técnica,,,,,
2,Martes,6:00pm,1,Técnica (general),Técnica,,,,,
2,Martes,6:00pm,1,Técnica (general),Fuerza,,,,,
2,Martes,6:00pm,1,Técnica (general),Fuerza,,,,,
2,Martes,6:00pm,1,Técnica (general),Físico,,,,,
2,Martes,6:00pm,1,Técnica (general),Físico,,,,,
2,Martes,6:00pm,1,Técnica (general),Físico,,,,,
2,Martes,7:00pm,2,Arranque,Calentamiento y activación,,,,,
2,Martes,7:00pm,2,Arranque,Calentamiento y activación,,,,,
2,Martes,7:00pm,2,Arranque,Calentamiento y activación,,,,,
2,Martes,7:00pm,2,Arranque,Técnica,,,,,
2,Martes,7:00pm,2,Arranque,Técnica,,,,,
2,Martes,7:00pm,2,Arranque,Técnica,,,,,
2,Martes,7:00pm,2,Arranque,Fuerza,,,,,
2,Martes,7:00pm,2,Arranque,Fuerza,,,,,
2,Martes,7:00pm,2,Arranque,Físico,,,,,
2,Martes,7:00pm,2,Arranque,Físico,,,,,
2,Martes,7:00pm,2,Arranque,Físico,,,,,
2,Martes,8:00pm,3,Envión,Calentamiento y activación,,,,,
2,Martes,8:00pm,3,Envión,Calentamiento y activación,,,,,
2,Martes,8:00pm,3,Envión,Calentamiento y activación,,,,,
2,Martes,8:00pm,3,Envión,Técnica,,,,,
2,Martes,8:00pm,3,Envión,Técnica,,,,,
2,Martes,8:00pm,3,Envión,Técnica,,,,,
2,Martes,8:00pm,3,Envión,Fuerza,,,,,
2,Martes,8:00pm,3,Envión,Fuerza,,,,,
2,Martes,8:00pm,3,Envión,Físico,,,,,
2,Martes,8:00pm,3,Envión,Físico,,,,,
2,Martes,8:00pm,3,Envión,Físico,,,,,
2,Miércoles,8:00am,1,Envión,Calentamiento y activación,,,,,
2,Miércoles,8:00am,1,Envión,Calentamiento y activación,,,,,
2,Miércoles,8:00am,1,Envión,Calentamiento y activación,,,,,
2,Miércoles,8:00am,1,Envión,Técnica,,,,,
2,Miércoles,8:00am,1,Envión,Técnica,,,,,
2,Miércoles,8:00am,1,Envión,Técnica,,,,,
2,Miércoles,8:00am,1,Envión,Fuerza,,,,,
2,Miércoles,8:00am,1,Envión,Fuerza,,,,,
2,Miércoles,8:00am,1,Envión,Físico,,,,,
2,Miércoles,8:00am,1,Envión,Físico,,,,,
2,Miércoles,8:00am,1,Envión,Físico,,,,,
2,Miércoles,9:00am,2,Envión,Calentamiento y activación,,,,,
2,Miércoles,9:00am,2,Envión,Calentamiento y activación,,,,,
2,Miércoles,9:00am,2,Envión,Calentamiento y activación,,,,,
2,Miércoles,9:00am,2,Envión,Técnica,,,,,
2,Miércoles,9:00am,2,Envión,Técnica,,,,,
2,Miércoles,9:00am,2,Envión,Técnica,,,,,
2,Miércoles,9:00am,2,Envión,Fuerza,,,,,
2,Miércoles,9:00am,2,Envión,Fuerza,,,,,
2,Miércoles,9:00am,2,Envión,Físico,,,,,
2,Miércoles,9:00am,2,Envión,Físico,,,,,
2,Miércoles,9:00am,2,Envión,Físico,,,,,
2,Jueves,5:00pm,1,Técnica – Arranque/Snatch,Calentamiento y activación,,,,,
2,Jueves,5:00pm,1,Técnica – Arranque/Snatch,Calentamiento y activación,,,,,
2,Jueves,5:00pm,1,Técnica – Arranque/Snatch,Calentamiento y activación,,,,,
2,Jueves,5:00pm,1,Técnica – Arranque/Snatch,Técnica,,,,,
2,Jueves,5:00pm,1,Técnica – Arranque/Snatch,Técnica,,,,,
2,Jueves,5:00pm,1,Técnica – Arranque/Snatch,Técnica,,,,,
2,Jueves,5:00pm,1,Técnica – Arranque/Snatch,Fuerza,,,,,
2,Jueves,5:00pm,1,Técnica – Arranque/Snatch,Fuerza,,,,,
2,Jueves,5:00pm,1,Técnica – Arranque/Snatch,Físico,,,,,
2,Jueves,5:00pm,1,Técnica – Arranque/Snatch,Físico,,,,,
2,Jueves,5:00pm,1,Técnica – Arranque/Snatch,Físico,,,,,
2,Jueves,6:00pm,2,Técnica – Envión,Calentamiento y activación,,,,,
2,Jueves,6:00pm,2,Técnica – Envión,Calentamiento y activación,,,,,
2,Jueves,6:00pm,2,Técnica – Envión,Calentamiento y activación,,,,,
2,Jueves,6:00pm,2,Técnica – Envión,Técnica,,,,,
2,Jueves,6:00pm,2,Técnica – Envión,Técnica,,,,,
2,Jueves,6:00pm,2,Técnica – Envión,Técnica,,,,,
2,Jueves,6:00pm,2,Técnica – Envión,Fuerza,,,,,
2,Jueves,6:00pm,2,Técnica – Envión,Fuerza,,,,,
2,Jueves,6:00pm,2,Técnica – Envión,Físico,,,,,
2,Jueves,6:00pm,2,Técnica – Envión,Físico,,,,,
2,Jueves,6:00pm,2,Técnica – Envión,Físico,,,,,
2,Viernes,8:00am,1,Arranque,Calentamiento y activación,,,,,
2,Viernes,8:00am,1,Arranque,Calentamiento y activación,,,,,
2,Viernes,8:00am,1,Arranque,Calentamiento y activación,,,,,
2,Viernes,8:00am,1,Arranque,Técnica,,,,,
2,Viernes,8:00am,1,Arranque,Técnica,,,,,
2,Viernes,8:00am,1,Arranque,Técnica,,,,,
2,Viernes,8:00am,1,Arranque,Fuerza,,,,,
2,Viernes,8:00am,1,Arranque,Fuerza,,,,,
2,Viernes,8:00am,1,Arranque,Físico,,,,,
2,Viernes,8:00am,1,Arranque,Físico,,,,,
2,Viernes,8:00am,1,Arranque,Físico,,,,,
2,Viernes,9:00am,2,Arranque,Calentamiento y activación,,,,,
2,Viernes,9:00am,2,Arranque,Calentamiento y activación,,,,,
2,Viernes,9:00am,2,Arranque,Calentamiento y activación,,,,,
2,Viernes,9:00am,2,Arranque,Técnica,,,,,
2,Viernes,9:00am,2,Arranque,Técnica,,,,,
2,Viernes,9:00am,2,Arranque,Técnica,,,,,
2,Viernes,9:00am,2,Arranque,Fuerza,,,,,
2,Viernes,9:00am,2,Arranque,Fuerza,,,,,
2,Viernes,9:00am,2,Arranque,Físico,,,,,
2,Viernes,9:00am,2,Arranque,Físico,,,,,
2,Viernes,9:00am,2,Arranque,Físico,,,,,
2,Sábado,10:00am,1,Arranque y Envión (según tiempo),Calentamiento y activación,,,,,
2,Sábado,10:00am,1,Arranque y Envión (según tiempo),Calentamiento y activación,,,,,
2,Sábado,10:00am,1,Arranque y Envión (según tiempo),Calentamiento y activación,,,,,
2,Sábado,10:00am,1,Arranque y Envión (según tiempo),Técnica,,,,,
2,Sábado,10:00am,1,Arranque y Envión (según tiempo),Técnica,,,,,
2,Sábado,10:00am,1,Arranque y Envión (según tiempo),Técnica,,,,,
2,Sábado,10:00am,1,Arranque y Envión (según tiempo),Fuerza,,,,,
2,Sábado,10:00am,1,Arranque y Envión (según tiempo),Fuerza,,,,,
2,Sábado,10:00am,1,Arranque y Envión (según tiempo),Físico,,,,,
2,Sábado,10:00am,1,Arranque y Envión (según tiempo),Físico,,,,,
2,Sábado,10:00am,1,Arranque y Envión (según tiempo),Físico,,,,,
3,Lunes,8:00am,1,Arranque,Calentamiento y activación,,,,,
3,Lunes,8:00am,1,Arranque,Calentamiento y activación,,,,,
3,Lunes,8:00am,1,Arranque,Calentamiento y activación,,,,,
3,Lunes,8:00am,1,Arranque,Técnica,,,,,
3,Lunes,8:00am,1,Arranque,Técnica,,,,,
3,Lunes,8:00am,1,Arranque,Técnica,,,,,
3,Lunes,8:00am,1,Arranque,Fuerza,,,,,
3,Lunes,8:00am,1,Arranque,Fuerza,,,,,
3,Lunes,8:00am,1,Arranque,Físico,,,,,
3,Lunes,8:00am,1,Arranque,Físico,,,,,
3,Lunes,8:00am,1,Arranque,Físico,,,,,
3,Lunes,9:00am,2,Arranque,Calentamiento y activación,,,,,
3,Lunes,9:00am,2,Arranque,Calentamiento y activación,,,,,
3,Lunes,9:00am,2,Arranque,Calentamiento y activación,,,,,
3,Lunes,9:00am,2,Arranque,Técnica,,,,,
3,Lunes,9:00am,2,Arranque,Técnica,,,,,
3,Lunes,9:00am,2,Arranque,Técnica,,,,,
3,Lunes,9:00am,2,Arranque,Fuerza,,,,,
3,Lunes,9:00am,2,Arranque,Fuerza,,,,,
3,Lunes,9:00am,2,Arranque,Físico,,,,,
3,Lunes,9:00am,2,Arranque,Físico,,,,,
3,Lunes,9:00am,2,Arranque,Físico,,,,,
3,Martes,6:00pm,1,Técnica (general),Calentamiento y activación,,,,,
3,Martes,6:00pm,1,Técnica (general),Calentamiento y activación,,,,,
3,Martes,6:00pm,1,Técnica (general),Calentamiento y activación,,,,,
3,Martes,6:00pm,1,Técnica (general),Técnica,,,,,
3,Martes,6:00pm,1,Técnica (general),Técnica,,,,,
3,Martes,6:00pm,1,Técnica (general),Técnica,,,,,
3,Martes,6:00pm,1,Técnica (general),Fuerza,,,,,
3,Martes,6:00pm,1,Técnica (general),Fuerza,,,,,
3,Martes,6:00pm,1,Técnica (general),Físico,,,,,
3,Martes,6:00pm,1,Técnica (general),Físico,,,,,
3,Martes,6:00pm,1,Técnica (general),Físico,,,,,
3,Martes,7:00pm,2,Arranque,Calentamiento y activación,,,,,
3,Martes,7:00pm,2,Arranque,Calentamiento y activación,,,,,
3,Martes,7:00pm,2,Arranque,Calentamiento y activación,,,,,
3,Martes,7:00pm,2,Arranque,Técnica,,,,,
3,Martes,7:00pm,2,Arranque,Técnica,,,,,
3,Martes,7:00pm,2,Arranque,Técnica,,,,,
3,Martes,7:00pm,2,Arranque,Fuerza,,,,,
3,Martes,7:00pm,2,Arranque,Fuerza,,,,,
3,Martes,7:00pm,2,Arranque,Físico,,,,,
3,Martes,7:00pm,2,Arranque,Físico,,,,,
3,Martes,7:00pm,2,Arranque,Físico,,,,,
3,Martes,8:00pm,3,Envión,Calentamiento y activación,,,,,
3,Martes,8:00pm,3,Envión,Calentamiento y activación,,,,,
3,Martes,8:00pm,3,Envión,Calentamiento y activación,,,,,
3,Martes,8:00pm,3,Envión,Técnica,,,,,
3,Martes,8:00pm,3,Envión,Técnica,,,,,
3,Martes,8:00pm,3,Envión,Técnica,,,,,
3,Martes,8:00pm,3,Envión,Fuerza,,,,,
3,Martes,8:00pm,3,Envión,Fuerza,,,,,
3,Martes,8:00pm,3,Envión,Físico,,,,,
3,Martes,8:00pm,3,Envión,Físico,,,,,
3,Martes,8:00pm,3,Envión,Físico,,,,,
3,Miércoles,8:00am,1,Envión,Calentamiento y activación,,,,,
3,Miércoles,8:00am,1,Envión,Calentamiento y activación,,,,,
3,Miércoles,8:00am,1,Envión,Calentamiento y activación,,,,,
3,Miércoles,8:00am,1,Envión,Técnica,,,,,
3,Miércoles,8:00am,1,Envión,Técnica,,,,,
3,Miércoles,8:00am,1,Envión,Técnica,,,,,
3,Miércoles,8:00am,1,Envión,Fuerza,,,,,
3,Miércoles,8:00am,1,Envión,Fuerza,,,,,
3,Miércoles,8:00am,1,Envión,Físico,,,,,
3,Miércoles,8:00am,1,Envión,Físico,,,,,
3,Miércoles,8:00am,1,Envión,Físico,,,,,
3,Miércoles,9:00am,2,Envión,Calentamiento y activación,,,,,
3,Miércoles,9:00am,2,Envión,Calentamiento y activación,,,,,
3,Miércoles,9:00am,2,Envión,Calentamiento y activación,,,,,
3,Miércoles,9:00am,2,Envión,Técnica,,,,,
3,Miércoles,9:00am,2,Envión,Técnica,,,,,
3,Miércoles,9:00am,2,Envión,Técnica,,,,,
3,Miércoles,9:00am,2,Envión,Fuerza,,,,,
3,Miércoles,9:00am,2,Envión,Fuerza,,,,,
3,Miércoles,9:00am,2,Envión,Físico,,,,,
3,Miércoles,9:00am,2,Envión,Físico,,,,,
3,Miércoles,9:00am,2,Envión,Físico,,,,,
3,Jueves,5:00pm,1,Técnica – Arranque/Snatch,Calentamiento y activación,,,,,
3,Jueves,5:00pm,1,Técnica – Arranque/Snatch,Calentamiento y activación,,,,,
3,Jueves,5:00pm,1,Técnica – Arranque/Snatch,Calentamiento y activación,,,,,
3,Jueves,5:00pm,1,Técnica – Arranque/Snatch,Técnica,,,,,
3,Jueves,5:00pm,1,Técnica – Arranque/Snatch,Técnica,,,,,
3,Jueves,5:00pm,1,Técnica – Arranque/Snatch,Técnica,,,,,
3,Jueves,5:00pm,1,Técnica – Arranque/Snatch,Fuerza,,,,,
3,Jueves,5:00pm,1,Técnica – Arranque/Snatch,Fuerza,,,,,
3,Jueves,5:00pm,1,Técnica – Arranque/Snatch,Físico,,,,,
3,Jueves,5:00pm,1,Técnica – Arranque/Snatch,Físico,,,,,
3,Jueves,5:00pm,1,Técnica – Arranque/Snatch,Físico,,,,,
3,Jueves,6:00pm,2,Técnica – Envión,Calentamiento y activación,,,,,
3,Jueves,6:00pm,2,Técnica – Envión,Calentamiento y activación,,,,,
3,Jueves,6:00pm,2,Técnica – Envión,Calentamiento y activación,,,,,
3,Jueves,6:00pm,2,Técnica – Envión,Técnica,,,,,
3,Jueves,6:00pm,2,Técnica – Envión,Técnica,,,,,
3,Jueves,6:00pm,2,Técnica – Envión,Técnica,,,,,
3,Jueves,6:00pm,2,Técnica – Envión,Fuerza,,,,,
3,Jueves,6:00pm,2,Técnica – Envión,Fuerza,,,,,
3,Jueves,6:00pm,2,Técnica – Envión,Físico,,,,,
3,Jueves,6:00pm,2,Técnica – Envión,Físico,,,,,
3,Jueves,6:00pm,2,Técnica – Envión,Físico,,,,,
3,Viernes,8:00am,1,Arranque,Calentamiento y activación,,,,,
3,Viernes,8:00am,1,Arranque,Calentamiento y activación,,,,,
3,Viernes,8:00am,1,Arranque,Calentamiento y activación,,,,,
3,Viernes,8:00am,1,Arranque,Técnica,,,,,
3,Viernes,8:00am,1,Arranque,Técnica,,,,,
3,Viernes,8:00am,1,Arranque,Técnica,,,,,
3,Viernes,8:00am,1,Arranque,Fuerza,,,,,
3,Viernes,8:00am,1,Arranque,Fuerza,,,,,
3,Viernes,8:00am,1,Arranque,Físico,,,,,
3,Viernes,8:00am,1,Arranque,Físico,,,,,
3,Viernes,8:00am,1,Arranque,Físico,,,,,
3,Viernes,9:00am,2,Arranque,Calentamiento y activación,,,,,
3,Viernes,9:00am,2,Arranque,Calentamiento y activación,,,,,
3,Viernes,9:00am,2,Arranque,Calentamiento y activación,,,,,
3,Viernes,9:00am,2,Arranque,Técnica,,,,,
3,Viernes,9:00am,2,Arranque,Técnica,,,,,
3,Viernes,9:00am,2,Arranque,Técnica,,,,,
3,Viernes,9:00am,2,Arranque,Fuerza,,,,,
3,Viernes,9:00am,2,Arranque,Fuerza,,,,,
3,Viernes,9:00am,2,Arranque,Físico,,,,,
3,Viernes,9:00am,2,Arranque,Físico,,,,,
3,Viernes,9:00am,2,Arranque,Físico,,,,,
3,Sábado,10:00am,1,Arranque y Envión (según tiempo),Calentamiento y activación,,,,,
3,Sábado,10:00am,1,Arranque y Envión (según tiempo),Calentamiento y activación,,,,,
3,Sábado,10:00am,1,Arranque y Envión (según tiempo),Calentamiento y activación,,,,,
3,Sábado,10:00am,1,Arranque y Envión (según tiempo),Técnica,,,,,
3,Sábado,10:00am,1,Arranque y Envión (según tiempo),Técnica,,,,,
3,Sábado,10:00am,1,Arranque y Envión (según tiempo),Técnica,,,,,
3,Sábado,10:00am,1,Arranque y Envión (según tiempo),Fuerza,,,,,
3,Sábado,10:00am,1,Arranque y Envión (según tiempo),Fuerza,,,,,
3,Sábado,10:00am,1,Arranque y Envión (según tiempo),Físico,,,,,
3,Sábado,10:00am,1,Arranque y Envión (según tiempo),Físico,,,,,
3,Sábado,10:00am,1,Arranque y Envión (según tiempo),Físico,,,,,
4,Lunes,8:00am,1,Arranque,Calentamiento y activación,,,,,
4,Lunes,8:00am,1,Arranque,Calentamiento y activación,,,,,
4,Lunes,8:00am,1,Arranque,Calentamiento y activación,,,,,
4,Lunes,8:00am,1,Arranque,Técnica,,,,,
4,Lunes,8:00am,1,Arranque,Técnica,,,,,
4,Lunes,8:00am,1,Arranque,Técnica,,,,,
4,Lunes,8:00am,1,Arranque,Fuerza,,,,,
4,Lunes,8:00am,1,Arranque,Fuerza,,,,,
4,Lunes,8:00am,1,Arranque,Físico,,,,,
4,Lunes,8:00am,1,Arranque,Físico,,,,,
4,Lunes,8:00am,1,Arranque,Físico,,,,,
4,Lunes,9:00am,2,Arranque,Calentamiento y activación,,,,,
4,Lunes,9:00am,2,Arranque,Calentamiento y activación,,,,,
4,Lunes,9:00am,2,Arranque,Calentamiento y activación,,,,,
4,Lunes,9:00am,2,Arranque,Técnica,,,,,
4,Lunes,9:00am,2,Arranque,Técnica,,,,,
4,Lunes,9:00am,2,Arranque,Técnica,,,,,
4,Lunes,9:00am,2,Arranque,Fuerza,,,,,
4,Lunes,9:00am,2,Arranque,Fuerza,,,,,
4,Lunes,9:00am,2,Arranque,Físico,,,,,
4,Lunes,9:00am,2,Arranque,Físico,,,,,
4,Lunes,9:00am,2,Arranque,Físico,,,,,
4,Martes,6:00pm,1,Técnica (general),Calentamiento y activación,,,,,
4,Martes,6:00pm,1,Técnica (general),Calentamiento y activación,,,,,
4,Martes,6:00pm,1,Técnica (general),Calentamiento y activación,,,,,
4,Martes,6:00pm,1,Técnica (general),Técnica,,,,,
4,Martes,6:00pm,1,Técnica (general),Técnica,,,,,
4,Martes,6:00pm,1,Técnica (general),Técnica,,,,,
4,Martes,6:00pm,1,Técnica (general),Fuerza,,,,,
4,Martes,6:00pm,1,Técnica (general),Fuerza,,,,,
4,Martes,6:00pm,1,Técnica (general),Físico,,,,,
4,Martes,6:00pm,1,Técnica (general),Físico,,,,,
4,Martes,6:00pm,1,Técnica (general),Físico,,,,,
4,Martes,7:00pm,2,Arranque,Calentamiento y activación,,,,,
4,Martes,7:00pm,2,Arranque,Calentamiento y activación,,,,,
4,Martes,7:00pm,2,Arranque,Calentamiento y activación,,,,,
4,Martes,7:00pm,2,Arranque,Técnica,,,,,
4,Martes,7:00pm,2,Arranque,Técnica,,,,,
4,Martes,7:00pm,2,Arranque,Técnica,,,,,
4,Martes,7:00pm,2,Arranque,Fuerza,,,,,
4,Martes,7:00pm,2,Arranque,Fuerza,,,,,
4,Martes,7:00pm,2,Arranque,Físico,,,,,
4,Martes,7:00pm,2,Arranque,Físico,,,,,
4,Martes,7:00pm,2,Arranque,Físico,,,,,
4,Martes,8:00pm,3,Envión,Calentamiento y activación,,,,,
4,Martes,8:00pm,3,Envión,Calentamiento y activación,,,,,
4,Martes,8:00pm,3,Envión,Calentamiento y activación,,,,,
4,Martes,8:00pm,3,Envión,Técnica,,,,,
4,Martes,8:00pm,3,Envión,Técnica,,,,,
4,Martes,8:00pm,3,Envión,Técnica,,,,,
4,Martes,8:00pm,3,Envión,Fuerza,,,,,
4,Martes,8:00pm,3,Envión,Fuerza,,,,,
4,Martes,8:00pm,3,Envión,Físico,,,,,
4,Martes,8:00pm,3,Envión,Físico,,,,,
4,Martes,8:00pm,3,Envión,Físico,,,,,
4,Miércoles,8:00am,1,Envión,Calentamiento y activación,,,,,
4,Miércoles,8:00am,1,Envión,Calentamiento y activación,,,,,
4,Miércoles,8:00am,1,Envión,Calentamiento y activación,,,,,
4,Miércoles,8:00am,1,Envión,Técnica,,,,,
4,Miércoles,8:00am,1,Envión,Técnica,,,,,
4,Miércoles,8:00am,1,Envión,Técnica,,,,,
4,Miércoles,8:00am,1,Envión,Fuerza,,,,,
4,Miércoles,8:00am,1,Envión,Fuerza,,,,,
4,Miércoles,8:00am,1,Envión,Físico,,,,,
4,Miércoles,8:00am,1,Envión,Físico,,,,,
4,Miércoles,8:00am,1,Envión,Físico,,,,,
4,Miércoles,9:00am,2,Envión,Calentamiento y activación,,,,,
4,Miércoles,9:00am,2,Envión,Calentamiento y activación,,,,,
4,Miércoles,9:00am,2,Envión,Calentamiento y activación,,,,,
4,Miércoles,9:00am,2,Envión,Técnica,,,,,
4,Miércoles,9:00am,2,Envión,Técnica,,,,,
4,Miércoles,9:00am,2,Envión,Técnica,,,,,
4,Miércoles,9:00am,2,Envión,Fuerza,,,,,
4,Miércoles,9:00am,2,Envión,Fuerza,,,,,
4,Miércoles,9:00am,2,Envión,Físico,,,,,
4,Miércoles,9:00am,2,Envión,Físico,,,,,
4,Miércoles,9:00am,2,Envión,Físico,,,,,
4,Jueves,5:00pm,1,Técnica – Arranque/Snatch,Calentamiento y activación,,,,,
4,Jueves,5:00pm,1,Técnica – Arranque/Snatch,Calentamiento y activación,,,,,
4,Jueves,5:00pm,1,Técnica – Arranque/Snatch,Calentamiento y activación,,,,,
4,Jueves,5:00pm,1,Técnica – Arranque/Snatch,Técnica,,,,,
4,Jueves,5:00pm,1,Técnica – Arranque/Snatch,Técnica,,,,,
4,Jueves,5:00pm,1,Técnica – Arranque/Snatch,Técnica,,,,,
4,Jueves,5:00pm,1,Técnica – Arranque/Snatch,Fuerza,,,,,
4,Jueves,5:00pm,1,Técnica – Arranque/Snatch,Fuerza,,,,,
4,Jueves,5:00pm,1,Técnica – Arranque/Snatch,Físico,,,,,
4,Jueves,5:00pm,1,Técnica – Arranque/Snatch,Físico,,,,,
4,Jueves,5:00pm,1,Técnica – Arranque/Snatch,Físico,,,,,
4,Jueves,6:00pm,2,Técnica – Envión,Calentamiento y activación,,,,,
4,Jueves,6:00pm,2,Técnica – Envión,Calentamiento y activación,,,,,
4,Jueves,6:00pm,2,Técnica – Envión,Calentamiento y activación,,,,,
4,Jueves,6:00pm,2,Técnica – Envión,Técnica,,,,,
4,Jueves,6:00pm,2,Técnica – Envión,Técnica,,,,,
4,Jueves,6:00pm,2,Técnica – Envión,Técnica,,,,,
4,Jueves,6:00pm,2,Técnica – Envión,Fuerza,,,,,
4,Jueves,6:00pm,2,Técnica – Envión,Fuerza,,,,,
4,Jueves,6:00pm,2,Técnica – Envión,Físico,,,,,
4,Jueves,6:00pm,2,Técnica – Envión,Físico,,,,,
4,Jueves,6:00pm,2,Técnica – Envión,Físico,,,,,
4,Viernes,8:00am,1,Arranque,Calentamiento y activación,,,,,
4,Viernes,8:00am,1,Arranque,Calentamiento y activación,,,,,
4,Viernes,8:00am,1,Arranque,Calentamiento y activación,,,,,
4,Viernes,8:00am,1,Arranque,Técnica,,,,,
4,Viernes,8:00am,1,Arranque,Técnica,,,,,
4,Viernes,8:00am,1,Arranque,Técnica,,,,,
4,Viernes,8:00am,1,Arranque,Fuerza,,,,,
4,Viernes,8:00am,1,Arranque,Fuerza,,,,,
4,Viernes,8:00am,1,Arranque,Físico,,,,,
4,Viernes,8:00am,1,Arranque,Físico,,,,,
4,Viernes,8:00am,1,Arranque,Físico,,,,,
4,Viernes,9:00am,2,Arranque,Calentamiento y activación,,,,,
4,Viernes,9:00am,2,Arranque,Calentamiento y activación,,,,,
4,Viernes,9:00am,2,Arranque,Calentamiento y activación,,,,,
4,Viernes,9:00am,2,Arranque,Técnica,,,,,
4,Viernes,9:00am,2,Arranque,Técnica,,,,,
4,Viernes,9:00am,2,Arranque,Técnica,,,,,
4,Viernes,9:00am,2,Arranque,Fuerza,,,,,
4,Viernes,9:00am,2,Arranque,Fuerza,,,,,
4,Viernes,9:00am,2,Arranque,Físico,,,,,
4,Viernes,9:00am,2,Arranque,Físico,,,,,
4,Viernes,9:00am,2,Arranque,Físico,,,,,
4,Sábado,10:00am,1,Arranque y Envión (según tiempo),Calentamiento y activación,,,,,
4,Sábado,10:00am,1,Arranque y Envión (según tiempo),Calentamiento y activación,,,,,
4,Sábado,10:00am,1,Arranque y Envión (según tiempo),Calentamiento y activación,,,,,
4,Sábado,10:00am,1,Arranque y Envión (según tiempo),Técnica,,,,,
4,Sábado,10:00am,1,Arranque y Envión (según tiempo),Técnica,,,,,
4,Sábado,10:00am,1,Arranque y Envión (según tiempo),Técnica,,,,,
4,Sábado,10:00am,1,Arranque y Envión (según tiempo),Fuerza,,,,,
4,Sábado,10:00am,1,Arranque y Envión (según tiempo),Fuerza,,,,,
4,Sábado,10:00am,1,Arranque y Envión (según tiempo),Físico,,,,,
4,Sábado,10:00am,1,Arranque y Envión (según tiempo),Físico,,,,,
4,Sábado,10:00am,1,Arranque y Envión (según tiempo),Físico,,,,,
