Nombre,Fecha,Sueño,RPE,RepsFalladas,FasePeriodo
Andres,25/05/2026,8,7,1,
Andres,26/05/2026,6,7,5,
Andres,27/05/2026,8,4,1,
Andres,28/05/2026,8,5,2,
Andres,30/05/2026,8,9,4,
Andres,01/06/2026,7,9,2,
Andres,02/06/2026,8,5,0,
Andres,03/06/2026,8,4,0,
Andres,04/06/2026,8,2,0,
Andres,29/06/2026,7,1,0,
Andres,30/06/2026,7,5,0,
Andres,02/07/2026,7,5,0,
Andres,03/07/2026,8,5,0,
Andres,04/07/2026,7,5,3,
Andres,06/07/2026,8,5,1,
Andres,07/07/2026,6,5,0,
Andres,08/07/2026,8,5,0,
Andres,10/07/2026,8,3,0,
Andres,11/07/2026,8,7,2,
Andres,13/07/2026,7,6,2,
Andres,14/07/2026,6,6,0,
Andres,15/07/2026,6,5,0,
Andres,20/07/2026,8,7,4,
Andres,21/07/2026,7,6,0,
Andres,22/07/2026,8,6,1,
Andres,27/07/2026,8,8,2,
Andres,28/07/2026,7,9,2,
Dana,30/04/2026,4,1,0,PRE-PERIODO
Dana,02/05/2026,4,3,0,PRE-PERIODO
Dana,04/05/2026,5,1,0,PRE-PERIODO
Dana,08/05/2026,5,3,0,PRE-PERIODO
Dana,15/05/2026,5,1,0,PRE-PERIODO
Dana,18/05/2026,5,3,0,PERIODO
Dana,22/05/2026,5,2,0,PERIODO
Dana,29/05/2026,7,2,0,PRE-PERIODO
Dana,30/05/2026,7,3,0,PRE-PERIODO
Dana,01/06/2026,6,3,0,PRE-PERIODO
Dana,06/06/2026,6,3,0,PRE-PERIODO
Dana,11/06/2026,7,1,0,PRE-PERIODO
Dana,23/06/2026,7,4,0,PERIODO
Dana,25/06/2026,6,5,0,PRE-PERIODO
Dana,29/06/2026,7,3,0,PRE-PERIODO
Dana,30/06/2026,6,3,0,PRE-PERIODO
Dana,03/07/2026,8,2,0,PRE-PERIODO
Dana,04/07/2026,8,5,0,PRE-PERIODO
Dana,06/07/2026,7,4,0,PRE-PERIODO
Dana,08/07/2026,7,5,0,PRE-PERIODO
Dana,10/07/2026,6,5,0,PRE-PERIODO
Dana,11/07/2026,6,6,0,PRE-PERIODO
Dana,13/07/2026,8,5,0,PRE-PERIODO
Dana,15/07/2026,7,3,0,PRE-PERIODO
Dana,16/07/2026,7,4,0,PRE-PERIODO
Dana,20/07/2026,6,5,0,PRE-PERIODO
Dana,20/07/2026,7,6,0,PERIODO
Dana,24/07/2026,8,6,0,PRE-PERIODO
Dana,25/07/2026,7,6,2,PRE-PERIODO
Dana,30/07/2026,8,7,0,PERIODO
Elena,28/05/2026,8,2,0,
Elena,27/06/2026,8,7,0,
Kevin,18/05/2026,2,6,1,
Kevin,20/05/2026,4,8,6,
Kevin,21/05/2026,5,5,0,
Kevin,22/06/2026,7,6,0,
Kevin,23/06/2026,6,4,0,
Kevin,26/06/2026,8,5,0,
Kevin,01/07/2026,8,5,0,
Kevin,03/07/2026,6,5,0,
Kevin,08/07/2026,6,7,0,
Kevin,10/07/2026,8,5,0,
Kevin,13/07/2026,5,7,0,
Kevin,14/07/2026,7,9,0,
Melisson,18/05/2026,4,6,0,PRE-PERIODO
Melisson,19/05/2026,7,9,0,PRE-PERIODO
Melisson,20/05/2026,6,6,0,PRE-PERIODO
Melisson,22/05/2026,5,8,0,PERIODO
Melisson,25/05/2026,7,6,0,PERIODO
Melisson,01/06/2026,6,5,0,PRE-PERIODO
Melisson,22/06/2026,8,4,0,PRE-PERIODO
Melisson,23/06/2026,6,8,0,PRE-PERIODO
Melisson,25/06/2026,8,6,0,PRE-PERIODO
Melisson,29/06/2026,8,5,0,PRE-PERIODO
Melisson,30/06/2026,7,7,0,PRE-PERIODO
Melisson,02/07/2026,6,6,0,PRE-PERIODO
Melisson,13/07/2026,8,6,0,PERIODO
Melisson,27/07/2026,8,8,0,PRE-PERIODO
